Model,Accuracy,ROC-AUC
Baseline,0.8443396226415094,0.7021918901143923
LASSO,0.8466981132075472,0.702288924108635
